requests,workers,rest_total_time,rest_avg_duration,rest_throughput,rest_p95_latency,grpc_total_time,grpc_avg_duration,grpc_throughput,grpc_p95_latency
100,20,1.122441053390503,0.19583867073059083,89.09153821301786,0.36060551404953,0.4051823616027832,0.07673216104507447,246.8024511344205,0.17084167003631592
500,100,5.145014524459839,0.9032206511497498,97.18145548918419,1.3229618191719053,1.5125107765197754,0.2667092709541321,330.57615705091325,0.3196917295455932
1000,200,8.039214849472046,1.368874151468277,124.39025685022864,1.8593229413032533,2.6562399864196777,0.45919327926635745,376.4720074664229,0.5161815762519837
5000,500,38.815576791763306,3.5939356525421142,128.81426512927675,4.085318112373352,12.971102714538574,1.214152349615097,385.4722385627078,1.3607932925224304
10000,1000,94.17620205879211,8.719097177147866,106.18393799483677,10.518108463287353,84.98772430419922,8.328269569540025,117.66405186008613,10.959357595443725
