requests,workers,rest_total_time,rest_avg_duration,rest_throughput,rest_p95_latency,grpc_total_time,grpc_avg_duration,grpc_throughput,grpc_p95_latency,rest_success_rate,rest_error_rate,grpc_success_rate,grpc_error_rate
100,20,0.9596302509307861,0.16761554479599,104.20680246689363,0.33736970424652096,0.3022000789642334,0.05754604578018188,330.9065978498153,0.08404203653335571,100.0,0.0,100.0,0.0
500,30,3.83575701713562,0.22342210483551025,130.3523653261485,0.2554594039916991,1.425203561782837,0.08277700757980347,350.82707720329614,0.10229642391204832,100.0,0.0,100.0,0.0
1000,50,7.357715606689453,0.35694378304481506,135.91174944174585,0.41295257806777946,2.7053065299987793,0.13141733384132384,369.64387913574114,0.1636156439781189,100.0,0.0,100.0,0.0
5000,100,36.956870794296265,0.7264574728965759,135.2928398031923,0.8216202139854432,12.916378259658813,0.25445181622505186,387.10541759343573,0.3062975645065308,100.0,0.0,100.0,0.0
10000,200,84.20226216316223,1.654192432284355,118.76165489025203,2.0607452630996703,27.276798009872437,0.5383761776924133,366.6119460348919,0.6731076359748833,100.0,0.0,100.0,0.0
